"Function / Thread / Logical Core / Call Stack","CPU Time","Clockticks","Instructions Retired","CPI Rate","Retiring","Front-End Bound","Bad Speculation","Back-End Bound","Retiring","Front-End Bound","Bad Speculation","Back-End Bound","Back-End Bound Auxiliary","Average CPU Frequency","Module","Function (Full)","Source File","Start Address","PID","TID"
"WriteFile","0.001","0","0","0","0","0","1","0","0","0","0","0","0","0","kernelbase.dll","WriteFile","[Unknown]","0x1800a1a60","0","0"
"std::vector<unsigned long long, std::allocator<unsigned long long>>::operator[]","0.002","9984000","29952000","0.333333","0","0","1","0","","0","","0","0","4.992e+09","main.exe","std::vector<unsigned long long, std::allocator<unsigned long long>>::operator[](unsigned long long) const","stl_vector.h","0x14000a0d0","0","0"
"std::vector<unsigned long long, std::allocator<unsigned long long>>::operator[]","0.025","97344000","606528000","0.160494","0.25","0","0.75","0","0.480771","0.240385","0.278844","0","0","3.89376e+09","main.exe","std::vector<unsigned long long, std::allocator<unsigned long long>>::operator[](unsigned long long)","stl_vector.h","0x140011400","0","0"
"std::vector<unsigned long long, std::allocator<unsigned long long>>::_S_max_size","0.001","0","0","0","0","0","1","0","0","0","0","0","0","0","main.exe","std::vector<unsigned long long, std::allocator<unsigned long long>>::_S_max_size(std::allocator<unsigned long long> const&)","stl_vector.h","0x1400103c0","0","0"
"std::vector<unsigned long long, std::allocator<unsigned long long>>::_S_check_init_len","0.001","0","0","0","0","0","1","0","0","0","0","0","0","0","main.exe","std::vector<unsigned long long, std::allocator<unsigned long long>>::_S_check_init_len(unsigned long long, std::allocator<unsigned long long> const&)","stl_vector.h","0x140010d60","0","0"
"std::vector<unsigned __int128, std::allocator<unsigned __int128>>::operator[]","0","0","2496000","0","0","0","1","0","0","0","0","0","0","0","main.exe","std::vector<unsigned __int128, std::allocator<unsigned __int128>>::operator[](unsigned long long) const","stl_vector.h","0x140009f20","0","0"
"std::vector<std::vector<unsigned long long, std::allocator<unsigned long long>>, std::allocator<std::vector<unsigned long long, std::allocator<unsigned long long>>>>::operator[]","0.001","4992000","0","","0","0","1","0","0","0","0","0","0","4.992e+09","main.exe","std::vector<std::vector<unsigned long long, std::allocator<unsigned long long>>, std::allocator<std::vector<unsigned long long, std::allocator<unsigned long long>>>>::operator[](unsigned long long) const","stl_vector.h","0x140009c90","0","0"
"std::vector<std::vector<unsigned long long, std::allocator<unsigned long long>>, std::allocator<std::vector<unsigned long long, std::allocator<unsigned long long>>>>::operator[]","0","7488000","14976000","0.5","0","0","1","0","0","0","0","0","0","","main.exe","std::vector<std::vector<unsigned long long, std::allocator<unsigned long long>>, std::allocator<std::vector<unsigned long long, std::allocator<unsigned long long>>>>::operator[](unsigned long long)","stl_vector.h","0x14000f800","0","0"
"std::vector<NTTTaskArgs, std::allocator<NTTTaskArgs>>::operator[]","0","2496000","0","","0","0","1","0","0","0","0","0","0","","main.exe","std::vector<NTTTaskArgs, std::allocator<NTTTaskArgs>>::operator[](unsigned long long)","stl_vector.h","0x14000f0b0","0","0"
"std::unique_lock<std::mutex>::~unique_lock","0","0","0","0","0","0","1","0","0","0","0","0","0","0","main.exe","std::unique_lock<std::mutex>::~unique_lock(void)","unique_lock.h","0x14000ad20","0","0"
"std::unique_lock<std::mutex>::lock","0.001","0","0","0","0","0","1","0","0","0","0","0","0","0","main.exe","std::unique_lock<std::mutex>::lock(void)","unique_lock.h","0x14000ac20","0","0"
"std::swap<unsigned long long>","0.02","77376000","99840000","0.775","0","0","0","1","0","0","0","0","0","3.8688e+09","main.exe","std::swap<unsigned long long>(unsigned long long&, unsigned long long&)","move.h","0x140013c60","0","0"
"std::string::_Rep::_S_create","0","2496000","0","","0","0","1","0","0","0","0","0","0","","libstdc++-6.dll","std::string::_Rep::_S_create(unsigned long long, unsigned long long, std::allocator<char> const&)","[Unknown]","0x3be9fb490","0","0"
"std::ostream::sentry::sentry","0.001","0","12480000","0","0","0","1","0","0","0","0","0","0","0","libstdc++-6.dll","std::ostream::sentry::sentry(std::ostream&)","[Unknown]","0x3be9f9070","0","0"
"std::ostream::put","0.002","4992000","7488000","0.666667","0","0","1","0","0","0","0","0","0","2.496e+09","libstdc++-6.dll","std::ostream::put(char)","[Unknown]","0x3be9f8950","0","0"
"std::ostream::_M_insert<unsigned long long>","0.002","0","7488000","0","0","0","1","0","0","0","0","0","0","0","libstdc++-6.dll","std::ostream::_M_insert<unsigned long long>(unsigned long long)","[Unknown]","0x3be9fa130","0","0"
"std::operator==","0","2496000","0","","0","0","1","0","0","0","0","0","0","","main.exe","std::operator==(std::_Deque_iterator<std::function<void (void)>, std::function<void (void)>&, std::function<void (void)>*> const&, std::_Deque_iterator<std::function<void (void)>, std::function<void (void)>&, std::function<void (void)>*> const&)","stl_deque.h","0x1400145b0","0","0"
"std::operator<<<std::char_traits<char>>","0","2496000","2496000","1","0","0","1","0","0","0","0","0","0","","libstdc++-6.dll","std::operator<<<std::char_traits<char>>(std::basic_ostream<char, std::char_traits<char>>&, char)","[Unknown]","0x3bea9b030","0","0"
"std::num_put<char, std::ostreambuf_iterator<char, std::char_traits<char>>>::do_put","0","9984000","14976000","0.666667","0","0","1","0","0","0","0","0","0","","libstdc++-6.dll","std::num_put<char, std::ostreambuf_iterator<char, std::char_traits<char>>>::do_put(std::ostreambuf_iterator<char, std::char_traits<char>>, std::ios_base&, char, unsigned long long) const","[Unknown]","0x3be9dbd40","0","0"
"std::num_put<char, std::ostreambuf_iterator<char, std::char_traits<char>>>::_M_insert_int<unsigned long long>","0","2496000","24960000","0.1","0","0","1","0","0","0","0","0","0","","libstdc++-6.dll","std::num_put<char, std::ostreambuf_iterator<char, std::char_traits<char>>>::_M_insert_int<unsigned long long>(std::ostreambuf_iterator<char, std::char_traits<char>>, std::ios_base&, char, unsigned long long) const","[Unknown]","0x3be9da9a0","0","0"
"std::num_get<char, std::istreambuf_iterator<char, std::char_traits<char>>>::do_get","0.001","4992000","12480000","0.4","0","0","1","0","0","0","0","0","0","4.992e+09","libstdc++-6.dll","std::num_get<char, std::istreambuf_iterator<char, std::char_traits<char>>>::do_get(std::istreambuf_iterator<char, std::char_traits<char>>, std::istreambuf_iterator<char, std::char_traits<char>>, std::ios_base&, std::_Ios_Iostate&, unsigned long long&) const","[Unknown]","0x3be9cc780","0","0"
"std::num_get<char, std::istreambuf_iterator<char, std::char_traits<char>>>::_M_extract_int<unsigned long long>","0.029","107328000","536640000","0.2","0","0","1","0","0","0","0","0","0","3.70096e+09","libstdc++-6.dll","std::num_get<char, std::istreambuf_iterator<char, std::char_traits<char>>>::_M_extract_int<unsigned long long>(std::istreambuf_iterator<char, std::char_traits<char>>, std::istreambuf_iterator<char, std::char_traits<char>>, std::ios_base&, std::_Ios_Iostate&, unsigned long long&) const","[Unknown]","0x3be9c9960","0","0"
"std::mutex::lock","0","4992000","0","","0","0","1","0","0","0","0","0","0","","main.exe","std::mutex::lock(void)","std_mutex.h","0x14000e2b0","0","0"
"std::move<unsigned long long&>","0.001","9984000","17472000","0.571429","0","0","1","0","0","0","0","0","0","9.98399e+09","main.exe","std::move<unsigned long long&>(unsigned long long&&&)","move.h","0x140013ac0","0","0"
"std::move<std::function<void (void)>&>","0.001","0","0","0","0","0","1","0","0","0","0","0","0","0","main.exe","std::move<std::function<void (void)>&>(std::function<void (void)>&&&)","move.h","0x140013a90","0","0"
"std::locale::id::_M_id","0","0","19968000","0","0","0","1","0","0","0","0","0","0","0","libstdc++-6.dll","std::locale::id::_M_id(void) const","[Unknown]","0x3be9a2d40","0","0"
"std::istreambuf_iterator<char, std::char_traits<char>>::equal","0","9984000","0","","0","0","1","0","0","0","0","0","0","","libstdc++-6.dll","std::istreambuf_iterator<char, std::char_traits<char>>::equal(std::istreambuf_iterator<char, std::char_traits<char>> const&) const","[Unknown]","0x3be99d0c0","0","0"
"std::istream::sentry::sentry","0.001","2496000","9984000","0.25","0","0","1","0","0","0","0","0","0","2.496e+09","libstdc++-6.dll","std::istream::sentry::sentry(std::istream&, bool)","[Unknown]","0x3be9f75e0","0","0"
"std::istream::_M_extract<unsigned long long>","0.001","0","2496000","0","0","0","1","0","0","0","0","0","0","0","libstdc++-6.dll","std::istream::_M_extract<unsigned long long>(unsigned long long&)","[Unknown]","0x3be9f5e40","0","0"
"std::function<void (void)>::operator()","0","0","0","0","0","","","0","0","0","0","0","0","0","main.exe","std::function<void (void)>::operator()(void) const","std_function.h","0x14000a0f0","0","0"
"std::function<void (void)>::function","0.002","0","0","0","0","0","1","0","0","0","0","0","0","0","main.exe","std::function<void (void)>::function(std::function<void (void)>&&)","std_function.h","0x140011980","0","0"
"std::condition_variable::wait","0","0","0","0","0","0","1","0","0","","","0","0","0","libstdc++-6.dll","std::condition_variable::wait(std::unique_lock<std::mutex>&)","[Unknown]","0x3bea4c850","0","0"
"std::codecvt<char, char, _Mbstatet>::do_always_noconv","0","2496000","0","","0","0","1","0","0","0","0","0","0","","libstdc++-6.dll","std::codecvt<char, char, _Mbstatet>::do_always_noconv(void) const","[Unknown]","0x3be9bf130","0","0"
"std::basic_streambuf<char, std::char_traits<char>>::xsputn","0","0","7488000","0","0","0","1","0","0","0","0","0","0","0","libstdc++-6.dll","std::basic_streambuf<char, std::char_traits<char>>::xsputn(char const*, long long)","[Unknown]","0x3bea414d0","0","0"
"std::basic_filebuf<char, std::char_traits<char>>::xsputn","0.002","0","4992000","0","0","0","1","0","0","0","0","0","0","0","libstdc++-6.dll","std::basic_filebuf<char, std::char_traits<char>>::xsputn(char const*, long long)","[Unknown]","0x3bea2eaa0","0","0"
"std::basic_filebuf<char, std::char_traits<char>>::underflow","0","0","2496000","0","0","0","1","0","0","0","0","0","0","0","libstdc++-6.dll","std::basic_filebuf<char, std::char_traits<char>>::underflow(void)","[Unknown]","0x3bea2f380","0","0"
"std::_Vector_base<unsigned long long, std::allocator<unsigned long long>>::_Vector_base","0","2496000","0","","0","0","1","0","0","0","0","0","0","","main.exe","std::_Vector_base<unsigned long long, std::allocator<unsigned long long>>::_Vector_base(unsigned long long, std::allocator<unsigned long long> const&)","stl_vector.h","0x14000c650","0","0"
"std::_Vector_base<unsigned long long, std::allocator<unsigned long long>>::_M_get_Tp_allocator","0","0","0","0","0","0","1","0","0","","","0","0","0","main.exe","std::_Vector_base<unsigned long long, std::allocator<unsigned long long>>::_M_get_Tp_allocator(void)","stl_vector.h","0x14000c5f0","0","0"
"std::__int_to_char<char, unsigned long long>","0.002","9984000","59904000","0.166667","0","0","1","0","0","0","0","0","0","4.992e+09","libstdc++-6.dll","std::__int_to_char<char, unsigned long long>(char*, unsigned long long, char const*, std::_Ios_Fmtflags, bool)","[Unknown]","0x3bea87d40","0","0"
"std::__fill_a1<unsigned long long*, unsigned long long>","0.011","47424000","59904000","0.791667","0","0","1","0","0","0","","","","4.31127e+09","main.exe","std::__fill_a1<unsigned long long*, unsigned long long>(unsigned long long*, unsigned long long*, unsigned long long const&)","stl_algobase.h","0x140014520","0","0"
"RtlUnicodeToMultiByteN","0","0","0","0","0","0","1","0","0","0","0","0","0","0","ntdll.dll","RtlUnicodeToMultiByteN","[Unknown]","0x1800a7970","0","0"
"RtlSleepConditionVariableCS","0","0","0","0","0","0","1","0","0","0","0","0","0","0","ntdll.dll","RtlSleepConditionVariableCS","[Unknown]","0x18008e640","0","0"
"RtlRestoreLastWin32Error","0.001","0","0","0","0","0","1","0","0","0","0","0","0","0","ntdll.dll","RtlRestoreLastWin32Error","[Unknown]","0x18000c3e0","0","0"
"RtlNtStatusToDosError","0","0","0","0","0","0","1","0","0","0","0","0","0","0","ntdll.dll","RtlNtStatusToDosError","[Unknown]","0x18000c430","0","0"
"RtlFreeHeap","0.002","17472000","14976000","1.16667","0","0","1","0","0","0","0","0","0","8.73599e+09","ntdll.dll","RtlFreeHeap","[Unknown]","0x1800800c0","0","0"
"RtlEnterCriticalSection","0","0","2496000","0","0","","","0","0","0","0","0","0","0","ntdll.dll","RtlEnterCriticalSection","[Unknown]","0x18008f780","0","0"
"RtlCopyMemory","0.001","0","0","0","0","0","1","0","0","0","0","0","0","0","ntoskrnl.exe","RtlCopyMemory","[Unknown]","0x1406b9f00","0","0"
"RtlAllocateHeap","0.002","2496000","0","","0","0","1","0","0","0","1","0","0","1.248e+09","ntdll.dll","RtlAllocateHeap","[Unknown]","0x180015df0","0","0"
"read","0","0","2496000","0","0","0","1","0","0","0","0","0","0","0","ucrtbase.dll","read","[Unknown]","0x180012bd0","0","0"
"power","0.001","0","0","0","0","0","1","0","0","0","0","0","0","0","main.exe","power(unsigned long long, unsigned long long, unsigned long long)","main.cc","0x1400027ce","0","0"
"PfFileInfoNotify","0","2496000","2496000","1","0","0","1","0","0","0","0","0","0","","ntoskrnl.exe","PfFileInfoNotify","[Unknown]","0x140213020","0","0"
"operator new","0.001","0","0","0","0","0","1","0","0","0","0","0","0","0","libstdc++-6.dll","operator new(unsigned long long)","[Unknown]","0x3beaa2d20","0","0"
"operator delete","0","0","0","0","0","0","1","0","0","0","0","0","0","0","libstdc++-6.dll","operator delete(void*)","[Unknown]","0x3beaa2c60","0","0"
"ntt_worker","0.0930001","371904000","1924416000","0.193256","1","0","0","0","0.610209","0.110947","0.112423","0.166421","0.166421","3.99897e+09","main.exe","ntt_worker(NTTTaskArgs*)","main.cc","0x1400029af","0","0"
"montgomery::toMont","0.001","0","44928000","0","0","0","1","0","0","0","0","0","0","0","main.exe","montgomery::toMont(unsigned long long)","main.cc","0x140009300","0","0"
"montgomery::REDC","0.177","676416000","3052608000","0.221586","1","0","0","0","1","0.120193","0","0","0","3.82156e+09","main.exe","montgomery::REDC(unsigned __int128)","main.cc","0x1400090c0","0","0"
"montgomery::montgomery_sub","0.018","92352000","609024000","0.151639","1","0","0","0","0.721156","0","0.278844","0","0","5.13066e+09","main.exe","montgomery::montgomery_sub(unsigned long long, unsigned long long, unsigned long long)","main.cc","0x140009070","0","0"
"montgomery::montgomery_add","0.019","124800000","843648000","0.147929","0.800001","0.0500001","0.149999","0","","0","","0","0","6.56842e+09","main.exe","montgomery::montgomery_add(unsigned long long, unsigned long long, unsigned long long)","main.cc","0x140009010","0","0"
"montgomery::ModMul","0.046","227136000","1208064000","0.188017","0.933334","0","0.0666655","0","0.240385","0","0.519229","0.240385","0.240385","4.93774e+09","main.exe","montgomery::ModMul(unsigned long long, unsigned long long)","main.cc","0x1400091d0","0","0"
"montgomery::fromMontgomery","0","2496000","7488000","0.333333","0","0","1","0","0","0","0","0","0","","main.exe","montgomery::fromMontgomery(std::vector<unsigned long long, std::allocator<unsigned long long>>&)","main.cc","0x140008f80","0","0"
"montgomery::fromMont","0","2496000","17472000","0.142857","0","0","1","0","0","0","0","0","0","","main.exe","montgomery::fromMont(unsigned long long)","main.cc","0x140009370","0","0"
"ModMul_worker","0.002","0","12480000","0","0","0","1","0","","0","","0","0","0","main.exe","ModMul_worker(void*)","main.cc","0x1400028ee","0","0"
"memcpy","0.003","7488000","0","","0","0","1","0","0","0","0","0","0","2.496e+09","ucrtbase.dll","memcpy","[Unknown]","0x1800edb00","0","0"
"malloc","0","2496000","0","","0","0","1","0","0","0","1","0","0","","ucrtbase.dll","malloc","[Unknown]","0x180015e00","0","0"
"main","0.001","0","34944000","0","0","0","1","0","0","0","0","0","0","0","main.exe","main","main.cc","0x140003985","0","0"
"KeReleaseInStackQueuedSpinLock","0","0","0","0","0","0","1","0","0","0","0","0","0","0","ntoskrnl.exe","KeReleaseInStackQueuedSpinLock","[Unknown]","0x140213ae0","0","0"
"KeRcuReadUnlock","0","0","0","0","0","0","1","0","0","0","0","0","0","0","ntoskrnl.exe","KeRcuReadUnlock","[Unknown]","0x140359b70","0","0"
"KeRcuReadLock","0","0","0","0","0","0","1","0","0","0","0","0","0","0","ntoskrnl.exe","KeRcuReadLock","[Unknown]","0x140359cd0","0","0"
"KeEnterCriticalRegion","0","0","2496000","0","0","0","1","0","0","0","0","0","0","0","ntoskrnl.exe","KeEnterCriticalRegion","[Unknown]","0x14043c650","0","0"
"IoFreeIrp","0","0","2496000","0","0","0","1","0","0","0","0","0","0","0","ntoskrnl.exe","IoFreeIrp","[Unknown]","0x140266b00","0","0"
"fWrite","0","0","4992000","0","0","0","1","0","0","0","0","0","0","0","main.exe","fWrite(unsigned long long*, int, int)","main.cc","0x140001aaf","0","0"
"function<NTT_iterative(std::vector<long long unsigned int>&, int, uint64_t, int, montgomery&)::<lambda()> >","0","0","0","0","0","","","0","0","0","0","0","0","0","main.exe","function<NTT_iterative(std::vector<long long unsigned int>&, int, uint64_t, int, montgomery&)::<lambda()> >","std_function.h","0x140005ab6","0","0"
"func@0x3be9993c0","0.001","2496000","14976000","0.166667","0","0","1","0","0","0","0","0","0","2.496e+09","libstdc++-6.dll","func@0x3be9993c0","[Unknown]","0x3be9993c0","0","0"
"func@0x3be9784f8","0","2496000","0","","0","0","1","0","0","0","0","0","0","","libstdc++-6.dll","func@0x3be9784f8","[Unknown]","0x3be9784f8","0","0"
"func@0x3be9784a0","0","4992000","4992000","1","0","0","1","0","0","0","0","0","0","","libstdc++-6.dll","func@0x3be9784a0","[Unknown]","0x3be9784a0","0","0"
"func@0x3be96d7b0","0.001","0","0","0","0","0","1","0","0","0","0","0","0","0","libstdc++-6.dll","func@0x3be96d7b0","[Unknown]","0x3be96d7b0","0","0"
"func@0x1c0161062","0","2496000","0","","0","0","1","0","0","0","0","0","0","","ntfs.sys","func@0x1c0161062","[Unknown]","0x1c0161062","0","0"
"func@0x1c0131b40","0","2496000","0","","0","0","1","0","0","0","0","0","0","","ntfs.sys","func@0x1c0131b40","[Unknown]","0x1c0131b40","0","0"
"func@0x1c006f055","0","2496000","0","","0","0","1","0","0","0","0","0","0","","fltmgr.sys","func@0x1c006f055","[Unknown]","0x1c006f055","0","0"
"func@0x1c0069360","0.001","0","0","0","0","0","1","0","0","0","0","0","0","0","fltmgr.sys","func@0x1c0069360","[Unknown]","0x1c0069360","0","0"
"func@0x1c005ac80","0","0","2496000","0","0","0","1","0","0","0","0","0","0","0","ntfs.sys","func@0x1c005ac80","[Unknown]","0x1c005ac80","0","0"
"func@0x1c001a60b","0","0","0","0","0","0","1","0","0","0","0","0","0","0","dxgmms2.sys","func@0x1c001a60b","[Unknown]","0x1c001a60b","0","0"
"func@0x1c000aa90","0","0","2496000","0","0","0","1","0","0","0","0","0","0","0","ntfs.sys","func@0x1c000aa90","[Unknown]","0x1c000aa90","0","0"
"func@0x1c000a910","0","0","0","0","0","0","1","0","0","0","0","0","0","0","fltmgr.sys","func@0x1c000a910","[Unknown]","0x1c000a910","0","0"
"func@0x1c0009430","0","0","0","0","0","0","1","0","0","0","0","0","0","0","fltmgr.sys","func@0x1c0009430","[Unknown]","0x1c0009430","0","0"
"func@0x1c0006e50","0","0","2496000","0","0","0","1","0","0","0","0","0","0","0","fltmgr.sys","func@0x1c0006e50","[Unknown]","0x1c0006e50","0","0"
"func@0x1c0006c26","0","0","2496000","0","0","0","1","0","0","0","0","0","0","0","fltmgr.sys","func@0x1c0006c26","[Unknown]","0x1c0006c26","0","0"
"func@0x1c0006c00","0.001","0","0","0","0","0","1","0","0","0","0","0","0","0","fltmgr.sys","func@0x1c0006c00","[Unknown]","0x1c0006c00","0","0"
"func@0x1c0006250","0.001","0","0","0","0","0","1","0","0","0","0","0","0","0","fltmgr.sys","func@0x1c0006250","[Unknown]","0x1c0006250","0","0"
"func@0x1c0001000","0","0","0","0","0","0","1","0","0","0","0","0","0","0","fileinfo.sys","func@0x1c0001000","[Unknown]","0x1c0001000","0","0"
"func@0x1801727f0","0.001","0","0","0","0","0","1","0","0","0","0","0","0","0","ntdll.dll","func@0x1801727f0","[Unknown]","0x1801727f0","0","0"
"func@0x180165cd0","0","0","0","0","0","0","1","0","0","0","0","0","0","0","ntdll.dll","func@0x180165cd0","[Unknown]","0x180165cd0","0","0"
"func@0x1800ed5a0","0.001","2496000","0","","0","0","1","0","0","0","0","0","0","2.496e+09","ucrtbase.dll","func@0x1800ed5a0","[Unknown]","0x1800ed5a0","0","0"
"func@0x1800b7440","0","0","2496000","0","0","0","1","0","0","0","0","0","0","0","ntdll.dll","func@0x1800b7440","[Unknown]","0x1800b7440","0","0"
"func@0x180090059","0.004","4992000","0","","0","0","1","0","0","0","1","0","0","1.248e+09","ntdll.dll","func@0x180090059","[Unknown]","0x180090059","0","0"
"func@0x18008f9be","0","0","2496000","0","0","0","1","0","0","0","0","0","0","0","ntdll.dll","func@0x18008f9be","[Unknown]","0x18008f9be","0","0"
"func@0x18008f360","0","2496000","0","","0","0","1","0","0","0","0","0","0","","ntdll.dll","func@0x18008f360","[Unknown]","0x18008f360","0","0"
"func@0x18008e7ca","0.005","27456000","0","","0","0","1","0","0","0","1","0","0","5.4912e+09","ntdll.dll","func@0x18008e7ca","[Unknown]","0x18008e7ca","0","0"
"func@0x1800802c1","0.002","4992000","12480000","0.4","0","0","1","0","0","0","0","0","0","2.496e+09","ntdll.dll","func@0x1800802c1","[Unknown]","0x1800802c1","0","0"
"func@0x18006d940","0","2496000","0","","0","0","1","0","0","0","0","0","0","","ntdll.dll","func@0x18006d940","[Unknown]","0x18006d940","0","0"
"func@0x1800625c0","0.001","0","0","0","0","0","1","0","0","0","0","0","0","0","ntdll.dll","func@0x1800625c0","[Unknown]","0x1800625c0","0","0"
"func@0x1800583a0","0","0","0","0","0","0","1","0","0","0","0","0","0","0","ntdll.dll","func@0x1800583a0","[Unknown]","0x1800583a0","0","0"
"func@0x180056393","0.001","0","0","0","0","0","1","0","0","0","0","0","0","0","ntdll.dll","func@0x180056393","[Unknown]","0x180056393","0","0"
"func@0x180052120","0","2496000","0","","0","0","1","0","0","0","0","0","0","","ntdll.dll","func@0x180052120","[Unknown]","0x180052120","0","0"
"func@0x180048e84","0.001","0","0","0","0","0","1","0","0","0","0","0","0","0","kernelbase.dll","func@0x180048e84","[Unknown]","0x180048e84","0","0"
"func@0x180043c50","0.001","0","0","0","0","","","0","0","0","0","0","0","0","ntdll.dll","func@0x180043c50","[Unknown]","0x180043c50","0","0"
"func@0x1800390b0","0.001","37440000","97344000","0.384615","0","0","1","0","0","0","0","0","0","3.744e+10","ucrtbase.dll","func@0x1800390b0","[Unknown]","0x1800390b0","0","0"
"func@0x180037d70","0.004","9984000","54912000","0.181818","0","0","1","0","0","0","0","0","0","2.496e+09","ucrtbase.dll","func@0x180037d70","[Unknown]","0x180037d70","0","0"
"func@0x180036b40","0","0","0","0","0","0","1","0","0","0","0","0","0","0","ucrtbase.dll","func@0x180036b40","[Unknown]","0x180036b40","0","0"
"func@0x1800177c7","0","0","2496000","0","0","0","1","0","0","0","0","0","0","0","ntdll.dll","func@0x1800177c7","[Unknown]","0x1800177c7","0","0"
"func@0x180017020","0.01","19968000","154752000","0.129032","0","0","1","0","0","0","0","0","0","1.9968e+09","ntdll.dll","func@0x180017020","[Unknown]","0x180017020","0","0"
"func@0x180016afa","0","0","2496000","0","0","0","1","0","0","0","0","0","0","0","ntdll.dll","func@0x180016afa","[Unknown]","0x180016afa","0","0"
"func@0x180016920","0.001","2496000","12480000","0.2","0","0","1","0","0","0","0","0","0","2.496e+09","ntdll.dll","func@0x180016920","[Unknown]","0x180016920","0","0"
"func@0x1800093a0","0","2496000","0","","0","0","1","0","0","0","0","0","0","","ucrtbase.dll","func@0x1800093a0","[Unknown]","0x1800093a0","0","0"
"func@0x140d51440","0.001","2496000","0","","0","0","1","0","0","0","0","0","0","2.496e+09","nvlddmkm.sys","func@0x140d51440","[Unknown]","0x140d51440","0","0"
"func@0x140d2aee0","0.002","4992000","0","","0","0","1","0","0","0","0","0","0","2.496e+09","nvlddmkm.sys","func@0x140d2aee0","[Unknown]","0x140d2aee0","0","0"
"func@0x140acd5f0","0.001","0","0","0","0","0","1","0","0","0","0","0","0","0","nvlddmkm.sys","func@0x140acd5f0","[Unknown]","0x140acd5f0","0","0"
"func@0x1409abaa0","0","2496000","0","","0","0","1","0","0","0","0","0","0","","ntoskrnl.exe","func@0x1409abaa0","[Unknown]","0x1409abaa0","0","0"
"func@0x1409ab320","0","0","0","0","0","0","1","0","0","0","0","0","0","0","ntoskrnl.exe","func@0x1409ab320","[Unknown]","0x1409ab320","0","0"
"func@0x14087afbe","0.001","2496000","0","","0","0","1","0","0","0","0","0","0","2.496e+09","ntoskrnl.exe","func@0x14087afbe","[Unknown]","0x14087afbe","0","0"
"func@0x140858640","0","2496000","2496000","1","0","0","1","0","0","0","0","0","0","","ntoskrnl.exe","func@0x140858640","[Unknown]","0x140858640","0","0"
"func@0x14084bc50","0","0","0","0","0","0","1","0","0","0","0","0","0","0","ntoskrnl.exe","func@0x14084bc50","[Unknown]","0x14084bc50","0","0"
"func@0x14084b753","0","0","2496000","0","0","0","1","0","0","0","0","0","0","0","ntoskrnl.exe","func@0x14084b753","[Unknown]","0x14084b753","0","0"
"func@0x14071d800","0.001","0","0","0","0","0","1","0","0","0","0","0","0","0","nvlddmkm.sys","func@0x14071d800","[Unknown]","0x14071d800","0","0"
"func@0x1406bac00","0","0","0","0","0","0","1","0","0","0","0","0","0","0","ntoskrnl.exe","func@0x1406bac00","[Unknown]","0x1406bac00","0","0"
"func@0x1406b8383","0","4992000","0","","0","0","1","0","0","0","0","0","0","","ntoskrnl.exe","func@0x1406b8383","[Unknown]","0x1406b8383","0","0"
"func@0x1406b40ae","0.001","7488000","9984000","0.75","0","0","1","0","0","0","0","0","0","7.488e+09","ntoskrnl.exe","func@0x1406b40ae","[Unknown]","0x1406b40ae","0","0"
"func@0x1406ad22f","0","4992000","0","","0","0","1","0","0","0","1","0","0","","ntoskrnl.exe","func@0x1406ad22f","[Unknown]","0x1406ad22f","0","0"
"func@0x1406acf00","0","0","0","0","0","0","1","0","0","0","0","0","0","0","ntoskrnl.exe","func@0x1406acf00","[Unknown]","0x1406acf00","0","0"
"func@0x1406ac113","0","2496000","0","","0","0","1","0","0","0","1","0","0","","ntoskrnl.exe","func@0x1406ac113","[Unknown]","0x1406ac113","0","0"
"func@0x1406a71b0","0","0","0","0","0","0","1","0","0","0","0","0","0","0","ntoskrnl.exe","func@0x1406a71b0","[Unknown]","0x1406a71b0","0","0"
"func@0x1404f7d30","0","0","0","0","0","0","1","0","0","0","0","0","0","0","ntoskrnl.exe","func@0x1404f7d30","[Unknown]","0x1404f7d30","0","0"
"func@0x1404f77d0","0","2496000","0","","0","0","1","0","0","0","0","0","0","","ntoskrnl.exe","func@0x1404f77d0","[Unknown]","0x1404f77d0","0","0"
"func@0x1404624f0","0.001","2496000","0","","0","0","1","0","0","0","0","0","0","2.496e+09","ntoskrnl.exe","func@0x1404624f0","[Unknown]","0x1404624f0","0","0"
"func@0x140438ea0","0","0","0","0","0","0","1","0","0","0","0","0","0","0","ntoskrnl.exe","func@0x140438ea0","[Unknown]","0x140438ea0","0","0"
"func@0x140429c90","0","2496000","0","","0","0","1","0","0","0","0","0","0","","ntoskrnl.exe","func@0x140429c90","[Unknown]","0x140429c90","0","0"
"func@0x140429a5c","0","2496000","0","","0","0","1","0","0","0","0","0","0","","ntoskrnl.exe","func@0x140429a5c","[Unknown]","0x140429a5c","0","0"
"func@0x140429574","0","4992000","0","","0","0","1","0","0","0","0","0","0","","ntoskrnl.exe","func@0x140429574","[Unknown]","0x140429574","0","0"
"func@0x14040d4cc","0","2496000","0","","0","0","1","0","0","0","0","0","0","","ntoskrnl.exe","func@0x14040d4cc","[Unknown]","0x14040d4cc","0","0"
"func@0x1403fe110","0","2496000","0","","0","0","1","0","0","0","0","0","0","","ntoskrnl.exe","func@0x1403fe110","[Unknown]","0x1403fe110","0","0"
"func@0x1403f99c0","0","0","2496000","0","0","0","1","0","0","0","0","0","0","0","ntoskrnl.exe","func@0x1403f99c0","[Unknown]","0x1403f99c0","0","0"
"func@0x1403cb924","0","0","4992000","0","0","0","1","0","0","0","0","0","0","0","ntoskrnl.exe","func@0x1403cb924","[Unknown]","0x1403cb924","0","0"
"func@0x1403ca460","0","2496000","0","","0","0","1","0","0","0","0","0","0","","ntoskrnl.exe","func@0x1403ca460","[Unknown]","0x1403ca460","0","0"
"func@0x1403bd710","0.001","0","0","0","0","0","1","0","0","0","0","0","0","0","ntoskrnl.exe","func@0x1403bd710","[Unknown]","0x1403bd710","0","0"
"func@0x1403bcb30","0","2496000","0","","0","0","1","0","0","0","0","0","0","","ntoskrnl.exe","func@0x1403bcb30","[Unknown]","0x1403bcb30","0","0"
"func@0x1403b1960","0","0","0","0","0","0","1","0","0","0","0","0","0","0","ntoskrnl.exe","func@0x1403b1960","[Unknown]","0x1403b1960","0","0"
"func@0x140373370","0","2496000","0","","0","0","1","0","0","0","0","0","0","","ntoskrnl.exe","func@0x140373370","[Unknown]","0x140373370","0","0"
"func@0x1403628cc","0","2496000","0","","0","0","1","0","0","0","0","0","0","","ntoskrnl.exe","func@0x1403628cc","[Unknown]","0x1403628cc","0","0"
"func@0x1403621a0","0","2496000","0","","0","0","1","0","0","0","1","0","0","","ntoskrnl.exe","func@0x1403621a0","[Unknown]","0x1403621a0","0","0"
"func@0x140361730","0","2496000","0","","0","0","1","0","0","0","0","0","0","","ntoskrnl.exe","func@0x140361730","[Unknown]","0x140361730","0","0"
"func@0x140360aef","0","2496000","0","","0","0","1","0","0","0","0","0","0","","ntoskrnl.exe","func@0x140360aef","[Unknown]","0x140360aef","0","0"
"func@0x1403603e0","0.002","2496000","0","","0","0","1","0","0","0","0","0","0","1.248e+09","ntoskrnl.exe","func@0x1403603e0","[Unknown]","0x1403603e0","0","0"
"func@0x14035b124","0","0","0","0","0","0","1","0","0","0","0","0","0","0","ntoskrnl.exe","func@0x14035b124","[Unknown]","0x14035b124","0","0"
"func@0x1403425c0","0","2496000","0","","0","0","1","0","0","0","0","0","0","","ntoskrnl.exe","func@0x1403425c0","[Unknown]","0x1403425c0","0","0"
"func@0x140340e20","0.001","4992000","2496000","2","0","0","1","0","0","0","1","0","0","4.992e+09","ntoskrnl.exe","func@0x140340e20","[Unknown]","0x140340e20","0","0"
"func@0x14033b27c","0","2496000","0","","0","0","1","0","0","0","0","0","0","","ntoskrnl.exe","func@0x14033b27c","[Unknown]","0x14033b27c","0","0"
"func@0x14033abc4","0","0","2496000","0","0","0","1","0","0","0","0","0","0","0","ntoskrnl.exe","func@0x14033abc4","[Unknown]","0x14033abc4","0","0"
"func@0x140339970","0","0","2496000","0","0","0","1","0","0","0","0","0","0","0","ntoskrnl.exe","func@0x140339970","[Unknown]","0x140339970","0","0"
"func@0x1403394c0","0","2496000","2496000","1","0","0","1","0","0","0","0","0","0","","ntoskrnl.exe","func@0x1403394c0","[Unknown]","0x1403394c0","0","0"
"func@0x140338170","0","0","0","0","0","0","1","0","0","0","0","0","0","0","ntoskrnl.exe","func@0x140338170","[Unknown]","0x140338170","0","0"
"func@0x140336650","0.003","4992000","2496000","2","0","0","1","0","0","0","0","0","0","1.664e+09","ntoskrnl.exe","func@0x140336650","[Unknown]","0x140336650","0","0"
"func@0x140336520","0","2496000","0","","0","0","1","0","0","0","0","0","0","","ntoskrnl.exe","func@0x140336520","[Unknown]","0x140336520","0","0"
"func@0x140335d80","0","0","0","0","0","0","1","0","0","0","0","0","0","0","ntoskrnl.exe","func@0x140335d80","[Unknown]","0x140335d80","0","0"
"func@0x140324c10","0","0","2496000","0","0","0","1","0","0","0","0","0","0","0","ntoskrnl.exe","func@0x140324c10","[Unknown]","0x140324c10","0","0"
"func@0x1403232c0","0","0","4992000","0","0","0","1","0","0","0","0","0","0","0","ntoskrnl.exe","func@0x1403232c0","[Unknown]","0x1403232c0","0","0"
"func@0x140322b30","0","0","4992000","0","0","","","0","0","0","0","0","0","0","ntoskrnl.exe","func@0x140322b30","[Unknown]","0x140322b30","0","0"
"func@0x140322350","0","2496000","0","","0","0","1","0","0","0","0","0","0","","ntoskrnl.exe","func@0x140322350","[Unknown]","0x140322350","0","0"
"func@0x140321f12","0","0","2496000","0","0","0","1","0","0","0","0","0","0","0","ntoskrnl.exe","func@0x140321f12","[Unknown]","0x140321f12","0","0"
"func@0x140320940","0","2496000","2496000","1","0","0","1","0","0","0","0","0","0","","ntoskrnl.exe","func@0x140320940","[Unknown]","0x140320940","0","0"
"func@0x14031dc70","0","0","0","0","0","0","1","0","0","0","0","0","0","0","ntoskrnl.exe","func@0x14031dc70","[Unknown]","0x14031dc70","0","0"
"func@0x140309bd0","0","0","0","0","0","0","1","0","0","0","0","0","0","0","ntoskrnl.exe","func@0x140309bd0","[Unknown]","0x140309bd0","0","0"
"func@0x1403005e0","0","2496000","0","","0","0","1","0","0","0","0","0","0","","ntoskrnl.exe","func@0x1403005e0","[Unknown]","0x1403005e0","0","0"
"func@0x1402faeb4","0","0","2496000","0","0","0","1","0","0","0","0","0","0","0","ntoskrnl.exe","func@0x1402faeb4","[Unknown]","0x1402faeb4","0","0"
"func@0x1402f5010","0","0","2496000","0","0","0","1","0","0","0","0","0","0","0","ntoskrnl.exe","func@0x1402f5010","[Unknown]","0x1402f5010","0","0"
"func@0x1402f4560","0","2496000","0","","0","0","1","0","0","0","0","0","0","","ntoskrnl.exe","func@0x1402f4560","[Unknown]","0x1402f4560","0","0"
"func@0x1402ef960","0","0","2496000","0","0","0","1","0","0","0","0","0","0","0","ntoskrnl.exe","func@0x1402ef960","[Unknown]","0x1402ef960","0","0"
"func@0x1402e94e0","0","2496000","0","","0","0","1","0","0","0","0","0","0","","ntoskrnl.exe","func@0x1402e94e0","[Unknown]","0x1402e94e0","0","0"
"func@0x1402e018c","0","2496000","0","","0","0","1","0","0","0","0","0","0","","ntoskrnl.exe","func@0x1402e018c","[Unknown]","0x1402e018c","0","0"
"func@0x1402ddb70","0.001","0","2496000","0","0","0","1","0","0","0","0","0","0","0","ntoskrnl.exe","func@0x1402ddb70","[Unknown]","0x1402ddb70","0","0"
"func@0x1402dd35a","0","0","0","0","0","0","1","0","0","0","0","0","0","0","ntoskrnl.exe","func@0x1402dd35a","[Unknown]","0x1402dd35a","0","0"
"func@0x1402dcd00","0.001","0","0","0","0","0","1","0","0","0","0","0","0","0","ntoskrnl.exe","func@0x1402dcd00","[Unknown]","0x1402dcd00","0","0"
"func@0x1402d7680","0","0","0","0","0","0","1","0","0","0","0","0","0","0","nvlddmkm.sys","func@0x1402d7680","[Unknown]","0x1402d7680","0","0"
"func@0x1402d7530","0","0","0","0","0","0","1","0","0","0","0","0","0","0","ntoskrnl.exe","func@0x1402d7530","[Unknown]","0x1402d7530","0","0"
"func@0x1402d662f","0.001","0","0","0","0","0","1","0","0","0","0","0","0","0","ntoskrnl.exe","func@0x1402d662f","[Unknown]","0x1402d662f","0","0"
"func@0x1402cb730","0","0","0","0","0","0","1","0","0","0","0","0","0","0","ntoskrnl.exe","func@0x1402cb730","[Unknown]","0x1402cb730","0","0"
"func@0x1402cb1f0","0.002","2496000","0","","0","0","1","0","0","0","0","0","0","1.248e+09","ntoskrnl.exe","func@0x1402cb1f0","[Unknown]","0x1402cb1f0","0","0"
"func@0x1402c7920","0.002","0","2496000","0","0","0","","","0","0","0","0","0","0","ntoskrnl.exe","func@0x1402c7920","[Unknown]","0x1402c7920","0","0"
"func@0x1402c7600","0","0","2496000","0","0","0","1","0","0","0","0","0","0","0","ntoskrnl.exe","func@0x1402c7600","[Unknown]","0x1402c7600","0","0"
"func@0x1402c6ce6","0","0","2496000","0","0","0","1","0","0","0","0","0","0","0","ntoskrnl.exe","func@0x1402c6ce6","[Unknown]","0x1402c6ce6","0","0"
"func@0x1402c6c20","0","0","2496000","0","0","0","1","0","0","0","0","0","0","0","ntoskrnl.exe","func@0x1402c6c20","[Unknown]","0x1402c6c20","0","0"
"func@0x1402bdd10","0","2496000","0","","0","0","","","0","0","0","0","0","","ntoskrnl.exe","func@0x1402bdd10","[Unknown]","0x1402bdd10","0","0"
"func@0x1402bc1d3","0","0","0","0","0","0","1","0","0","0","0","0","0","0","ntoskrnl.exe","func@0x1402bc1d3","[Unknown]","0x1402bc1d3","0","0"
"func@0x1402bc0d0","0","0","0","0","0","0","1","0","0","0","0","0","0","0","ntoskrnl.exe","func@0x1402bc0d0","[Unknown]","0x1402bc0d0","0","0"
"func@0x1402b90a0","0.001","7488000","12480000","0.6","0","0","1","0","0","0","0","0","0","7.488e+09","ntoskrnl.exe","func@0x1402b90a0","[Unknown]","0x1402b90a0","0","0"
"func@0x1402b8390","0","0","2496000","0","0","0","1","0","0","0","0","0","0","0","ntoskrnl.exe","func@0x1402b8390","[Unknown]","0x1402b8390","0","0"
"func@0x1402b7c32","0","0","0","0","0","0","1","0","0","0","0","0","0","0","ntoskrnl.exe","func@0x1402b7c32","[Unknown]","0x1402b7c32","0","0"
"func@0x1402b78f0","0","0","2496000","0","0","0","1","0","0","0","0","0","0","0","ntoskrnl.exe","func@0x1402b78f0","[Unknown]","0x1402b78f0","0","0"
"func@0x1402b7270","0.001","0","4992000","0","0","0","1","0","0","0","0","0","0","0","ntoskrnl.exe","func@0x1402b7270","[Unknown]","0x1402b7270","0","0"
"func@0x1402ad3cb","0.002","2496000","4992000","0.5","0","0","1","0","0","0","0","0","0","1.248e+09","ntoskrnl.exe","func@0x1402ad3cb","[Unknown]","0x1402ad3cb","0","0"
"func@0x1402ad1a0","0.003","9984000","0","","0","0","1","0","0","0","0","0","0","3.328e+09","ntoskrnl.exe","func@0x1402ad1a0","[Unknown]","0x1402ad1a0","0","0"
"func@0x1402acdf0","0","0","0","0","0","0","1","0","0","0","0","0","0","0","ntoskrnl.exe","func@0x1402acdf0","[Unknown]","0x1402acdf0","0","0"
"func@0x1402acc10","0","0","2496000","0","0","0","1","0","0","0","0","0","0","0","ntoskrnl.exe","func@0x1402acc10","[Unknown]","0x1402acc10","0","0"
"func@0x1402a8770","0.001","0","0","0","0","0","1","0","0","0","0","0","0","0","ntoskrnl.exe","func@0x1402a8770","[Unknown]","0x1402a8770","0","0"
"func@0x1402a86c0","0","2496000","2496000","1","0","0","1","0","0","0","0","0","0","","ntoskrnl.exe","func@0x1402a86c0","[Unknown]","0x1402a86c0","0","0"
"func@0x1402a7b80","0","0","2496000","0","0","0","1","0","0","0","0","0","0","0","ntoskrnl.exe","func@0x1402a7b80","[Unknown]","0x1402a7b80","0","0"
"func@0x1402a3610","0","2496000","0","","0","0","1","0","0","0","0","0","0","","ntoskrnl.exe","func@0x1402a3610","[Unknown]","0x1402a3610","0","0"
"func@0x1402a23e0","0.003","19968000","2496000","8","0","0","1","0","0","0","0","0","0","6.656e+09","ntoskrnl.exe","func@0x1402a23e0","[Unknown]","0x1402a23e0","0","0"
"func@0x14029e330","0","0","0","0","0","0","1","0","0","0","0","0","0","0","ntoskrnl.exe","func@0x14029e330","[Unknown]","0x14029e330","0","0"
"func@0x140297f90","0","2496000","0","","0","0","1","0","0","0","0","0","0","","ntoskrnl.exe","func@0x140297f90","[Unknown]","0x140297f90","0","0"
"func@0x140296810","0","0","4992000","0","0","0","1","0","0","0","0","0","0","0","ntoskrnl.exe","func@0x140296810","[Unknown]","0x140296810","0","0"
"func@0x14029611d","0","0","0","0","0","0","1","0","0","0","0","0","0","0","ntoskrnl.exe","func@0x14029611d","[Unknown]","0x14029611d","0","0"
"func@0x140295c50","0.001","0","0","0","0","0","1","0","0","0","0","0","0","0","ntoskrnl.exe","func@0x140295c50","[Unknown]","0x140295c50","0","0"
"func@0x140294600","0","2496000","2496000","1","0","0","1","0","0","0","0","0","0","","ntoskrnl.exe","func@0x140294600","[Unknown]","0x140294600","0","0"
"func@0x1402918e0","0.001","0","7488000","0","0","0","1","0","0","0","0","0","0","0","ntoskrnl.exe","func@0x1402918e0","[Unknown]","0x1402918e0","0","0"
"func@0x1402917c0","0","2496000","0","","0","0","1","0","0","0","0","0","0","","ntoskrnl.exe","func@0x1402917c0","[Unknown]","0x1402917c0","0","0"
"func@0x14028fcb0","0.001","2496000","2496000","1","0","0","1","0","0","0","0","0","0","2.496e+09","ntoskrnl.exe","func@0x14028fcb0","[Unknown]","0x14028fcb0","0","0"
"func@0x14028fc50","0.001","0","0","0","0","0","1","0","0","0","0","0","0","0","ntoskrnl.exe","func@0x14028fc50","[Unknown]","0x14028fc50","0","0"
"func@0x14028f840","0","0","0","0","0","0","1","0","0","0","0","0","0","0","ntoskrnl.exe","func@0x14028f840","[Unknown]","0x14028f840","0","0"
"func@0x140289ae9","0","2496000","2496000","1","0","0","1","0","0","0","0","0","0","","ntoskrnl.exe","func@0x140289ae9","[Unknown]","0x140289ae9","0","0"
"func@0x140284390","0","0","2496000","0","0","0","1","0","0","0","0","0","0","0","ntoskrnl.exe","func@0x140284390","[Unknown]","0x140284390","0","0"
"func@0x14027747c","0","2496000","0","","0","","","0","0","0","0","0","0","","ntoskrnl.exe","func@0x14027747c","[Unknown]","0x14027747c","0","0"
"func@0x140273b50","0","0","2496000","0","0","0","1","0","0","0","0","0","0","0","ntoskrnl.exe","func@0x140273b50","[Unknown]","0x140273b50","0","0"
"func@0x14026f180","0","2496000","0","","0","0","1","0","0","0","0","0","0","","ntoskrnl.exe","func@0x14026f180","[Unknown]","0x14026f180","0","0"
"func@0x14026e0f0","0","2496000","0","","0","0","1","0","0","0","0","0","0","","ntoskrnl.exe","func@0x14026e0f0","[Unknown]","0x14026e0f0","0","0"
"func@0x14026cdf0","0.001","0","0","0","0","0","1","0","0","0","0","0","0","0","ntoskrnl.exe","func@0x14026cdf0","[Unknown]","0x14026cdf0","0","0"
"func@0x14026b8b0","0","2496000","0","","0","0","1","0","0","0","0","0","0","","ntoskrnl.exe","func@0x14026b8b0","[Unknown]","0x14026b8b0","0","0"
"func@0x140268ac0","0","0","0","0","0","0","1","0","0","","","0","0","0","ntoskrnl.exe","func@0x140268ac0","[Unknown]","0x140268ac0","0","0"
"func@0x140265af5","0.001","0","0","0","0","0","1","0","0","0","0","0","0","0","ntoskrnl.exe","func@0x140265af5","[Unknown]","0x140265af5","0","0"
"func@0x140264550","0","0","2496000","0","0","0","1","0","0","0","0","0","0","0","ntoskrnl.exe","func@0x140264550","[Unknown]","0x140264550","0","0"
"func@0x140260f60","0","0","2496000","0","0","0","1","0","0","0","0","0","0","0","ntoskrnl.exe","func@0x140260f60","[Unknown]","0x140260f60","0","0"
"func@0x14025f5a0","0.001","0","0","0","0","0","1","0","0","0","0","0","0","0","ntoskrnl.exe","func@0x14025f5a0","[Unknown]","0x14025f5a0","0","0"
"func@0x14025f3d0","0.001","0","0","0","0","0","1","0","0","0","0","0","0","0","ntoskrnl.exe","func@0x14025f3d0","[Unknown]","0x14025f3d0","0","0"
"func@0x14025ef60","0.001","0","0","0","0","0","1","0","0","0","0","0","0","0","ntoskrnl.exe","func@0x14025ef60","[Unknown]","0x14025ef60","0","0"
"func@0x14025b719","0","2496000","0","","0","0","1","0","0","0","1","0","0","","ntoskrnl.exe","func@0x14025b719","[Unknown]","0x14025b719","0","0"
"func@0x14025b2e0","0","2496000","0","","0","0","1","0","0","0","0","0","0","","ntoskrnl.exe","func@0x14025b2e0","[Unknown]","0x14025b2e0","0","0"
"func@0x1402559b0","0.001","0","0","0","0","0","1","0","0","0","0","0","0","0","ntoskrnl.exe","func@0x1402559b0","[Unknown]","0x1402559b0","0","0"
"func@0x1402552f0","0","2496000","0","","0","0","1","0","0","0","0","0","0","","ntoskrnl.exe","func@0x1402552f0","[Unknown]","0x1402552f0","0","0"
"func@0x140252650","0","2496000","0","","0","0","1","0","0","0","0","0","0","","ntoskrnl.exe","func@0x140252650","[Unknown]","0x140252650","0","0"
"func@0x14023f530","0","0","0","0","0","0","1","0","0","0","0","0","0","0","ntoskrnl.exe","func@0x14023f530","[Unknown]","0x14023f530","0","0"
"func@0x14023e9b0","0","0","0","0","0","0","1","0","0","0","0","0","0","0","ntoskrnl.exe","func@0x14023e9b0","[Unknown]","0x14023e9b0","0","0"
"func@0x14023e874","0","0","2496000","0","0","0","1","0","0","0","0","0","0","0","ntoskrnl.exe","func@0x14023e874","[Unknown]","0x14023e874","0","0"
"func@0x140236906","0","0","2496000","0","0","0","1","0","0","0","0","0","0","0","ntoskrnl.exe","func@0x140236906","[Unknown]","0x140236906","0","0"
"func@0x1402366b0","0","0","2496000","0","0","0","1","0","0","0","0","0","0","0","ntoskrnl.exe","func@0x1402366b0","[Unknown]","0x1402366b0","0","0"
"func@0x140233260","0.001","0","0","0","0","0","1","0","0","0","0","0","0","0","ntoskrnl.exe","func@0x140233260","[Unknown]","0x140233260","0","0"
"func@0x140233140","0","0","0","0","0","0","1","0","0","0","0","0","0","0","ntoskrnl.exe","func@0x140233140","[Unknown]","0x140233140","0","0"
"func@0x140232120","0","0","4992000","0","0","0","1","0","0","0","0","0","0","0","ntoskrnl.exe","func@0x140232120","[Unknown]","0x140232120","0","0"
"func@0x140231eac","0","0","2496000","0","0","0","1","0","0","0","0","0","0","0","ntoskrnl.exe","func@0x140231eac","[Unknown]","0x140231eac","0","0"
"func@0x140231210","0","2496000","2496000","1","0","0","1","0","0","0","0","0","0","","ntoskrnl.exe","func@0x140231210","[Unknown]","0x140231210","0","0"
"func@0x140230b60","0","0","0","0","0","","","0","0","0","0","0","0","0","ntoskrnl.exe","func@0x140230b60","[Unknown]","0x140230b60","0","0"
"func@0x1402204f4","0.001","0","0","0","0","0","1","0","0","0","0","0","0","0","ntoskrnl.exe","func@0x1402204f4","[Unknown]","0x1402204f4","0","0"
"func@0x14021c23d","0","0","4992000","0","0","0","1","0","0","0","0","0","0","0","ntoskrnl.exe","func@0x14021c23d","[Unknown]","0x14021c23d","0","0"
"func@0x140217d10","0","0","0","0","0","0","1","0","0","0","0","0","0","0","ntoskrnl.exe","func@0x140217d10","[Unknown]","0x140217d10","0","0"
"func@0x140216570","0","0","0","0","0","0","1","0","0","0","0","0","0","0","ntoskrnl.exe","func@0x140216570","[Unknown]","0x140216570","0","0"
"func@0x140214eb1","0","0","0","0","0","0","1","0","0","0","0","0","0","0","ntoskrnl.exe","func@0x140214eb1","[Unknown]","0x140214eb1","0","0"
"func@0x140213d00","0","0","0","0","0","0","1","0","0","0","0","0","0","0","ntoskrnl.exe","func@0x140213d00","[Unknown]","0x140213d00","0","0"
"func@0x140213ca0","0","0","0","0","0","0","1","0","0","0","0","0","0","0","ntoskrnl.exe","func@0x140213ca0","[Unknown]","0x140213ca0","0","0"
"func@0x14020c710","0","0","0","0","0","0","1","0","0","0","0","0","0","0","ntoskrnl.exe","func@0x14020c710","[Unknown]","0x14020c710","0","0"
"func@0x14020bf0c","0","0","0","0","0","0","1","0","0","0","0","0","0","0","ntoskrnl.exe","func@0x14020bf0c","[Unknown]","0x14020bf0c","0","0"
"func@0x14020a0e0","0","2496000","0","","0","0","1","0","0","0","0","0","0","","ntoskrnl.exe","func@0x14020a0e0","[Unknown]","0x14020a0e0","0","0"
"func@0x140209ce5","0","0","0","0","0","0","1","0","0","0","0","0","0","0","ntoskrnl.exe","func@0x140209ce5","[Unknown]","0x140209ce5","0","0"
"func@0x1400f44d0","0","2496000","0","","0","0","1","0","0","0","0","0","0","","nvlddmkm.sys","func@0x1400f44d0","[Unknown]","0x1400f44d0","0","0"
"func@0x1400dd690","0","2496000","0","","0","0","1","0","0","0","0","0","0","","nvlddmkm.sys","func@0x1400dd690","[Unknown]","0x1400dd690","0","0"
"func@0x14001df2f","0","0","0","0","0","0","1","0","0","0","0","0","0","0","nvlddmkm.sys","func@0x14001df2f","[Unknown]","0x14001df2f","0","0"
"func@0x14001a640","0","2496000","0","","0","0","1","0","0","0","0","0","0","","nvlddmkm.sys","func@0x14001a640","[Unknown]","0x14001a640","0","0"
"func@0x140014d50","0.001","0","0","0","0","0","1","0","0","0","0","0","0","0","main.exe","func@0x140014d50","[Unknown]","0x140014d50","0","0"
"func@0x1400082e0","0","4992000","4992000","1","0","0","1","0","0","0","0","0","0","","main.exe","func@0x1400082e0","[Unknown]","0x1400082e0","0","0"
"func@0x1400071c8","0.001","0","12480000","0","0","0","1","0","0","0","0","0","0","0","main.exe","func@0x1400071c8","[Unknown]","0x1400071c8","0","0"
"func@0x1400071b0","0","0","0","0","0","0","1","0","0","0","0","0","0","0","main.exe","func@0x1400071b0","[Unknown]","0x1400071b0","0","0"
"func@0x140002d02","0.001","4992000","4992000","1","0","0","1","0","0","0","0","0","0","4.992e+09","main.exe","func@0x140002d02","[Unknown]","0x140002d02","0","0"
"FsRtlReleaseHeaderMutex","0","4992000","0","","0","0","1","0","0","0","0","0","0","","ntoskrnl.exe","FsRtlReleaseHeaderMutex","[Unknown]","0x1402c6040","0","0"
"FsRtlReleaseEofLock","0","0","0","0","0","0","1","0","0","0","0","0","0","0","ntoskrnl.exe","FsRtlReleaseEofLock","[Unknown]","0x1403b9f80","0","0"
"FsRtlAcquireHeaderMutex","0","0","2496000","0","0","0","1","0","0","0","0","0","0","0","ntoskrnl.exe","FsRtlAcquireHeaderMutex","[Unknown]","0x1402e0740","0","0"
"free_base","0.001","2496000","0","","0","0","1","0","0","0","0","0","0","2.496e+09","ucrtbase.dll","free_base","[Unknown]","0x18001e0e0","0","0"
"FltGetStreamContext","0.001","0","0","0","0","0","1","0","0","0","0","0","0","0","fltmgr.sys","FltGetStreamContext","[Unknown]","0x1c0006af0","0","0"
"fCheck","0","2496000","12480000","0.2","0","0","1","0","0","0","0","0","0","","main.exe","fCheck(unsigned long long*, int, int)","main.cc","0x1400017e9","0","0"
"ExReleaseResourceLite","0","0","0","0","0","0","1","0","0","0","0","0","0","0","ntoskrnl.exe","ExReleaseResourceLite","[Unknown]","0x1402d8e10","0","0"
"ExReleaseFastMutex","0","2496000","0","","0","0","1","0","0","0","0","0","0","","ntoskrnl.exe","ExReleaseFastMutex","[Unknown]","0x1402c6330","0","0"
"ExReleaseCacheAwarePushLockSharedEx","0","0","2496000","0","0","0","1","0","0","0","0","0","0","0","ntoskrnl.exe","ExReleaseCacheAwarePushLockSharedEx","[Unknown]","0x1403f6a50","0","0"
"ExpInterlockedPushEntrySList","0","2496000","2496000","1","0","0","1","0","0","0","0","0","0","","ntoskrnl.exe","ExpInterlockedPushEntrySList","[Unknown]","0x1406adc90","0","0"
"ExpInterlockedPopEntrySList","0","0","4992000","0","0","0","1","0","0","0","0","0","0","0","ntoskrnl.exe","ExpInterlockedPopEntrySList","[Unknown]","0x1406adc50","0","0"
"ExAcquireFastMutex","0","0","0","0","0","0","1","0","0","0","0","0","0","0","ntoskrnl.exe","ExAcquireFastMutex","[Unknown]","0x1402de760","0","0"
"CRT_combine_worker","0.00900001","14976000","42432000","0.352941","0","0","1","0","0","0","0","0","0","1.664e+09","main.exe","CRT_combine_worker(CRTCombineArgs*)","main.cc","0x1400036be","0","0"
" Thread (TID: 32224)","0.002","0","7488000","0","0","0","1","0","0","0","0","0","0","0","main.exe","CRT_combine_worker(CRTCombineArgs*)","main.cc","0x1400036be","32024","32224"
"  cpu_12","0.002","0","7488000","0","0","0","1","0","0","0","0","0","0","0","main.exe","CRT_combine_worker(CRTCombineArgs*)","main.cc","0x1400036be","32024","32224"
" Thread (TID: 31884)","0","0","2496000","0","0","0","1","0","0","0","0","0","0","0","main.exe","CRT_combine_worker(CRTCombineArgs*)","main.cc","0x1400036be","32024","31884"
"  cpu_3","0","0","2496000","0","0","0","1","0","0","0","0","0","0","0","main.exe","CRT_combine_worker(CRTCombineArgs*)","main.cc","0x1400036be","32024","31884"
" Thread (TID: 30160)","0.001","2496000","4992000","0.5","0","0","1","0","0","0","0","0","0","2.496e+09","main.exe","CRT_combine_worker(CRTCombineArgs*)","main.cc","0x1400036be","32024","30160"
"  cpu_10","0.001","2496000","4992000","0.5","0","0","1","0","0","0","0","0","0","2.496e+09","main.exe","CRT_combine_worker(CRTCombineArgs*)","main.cc","0x1400036be","32024","30160"
" Thread (TID: 28824)","0.001","2496000","0","","0","0","1","0","0","0","0","0","0","2.496e+09","main.exe","CRT_combine_worker(CRTCombineArgs*)","main.cc","0x1400036be","32024","28824"
"  cpu_23","0","0","0","0","0","0","1","0","0","0","0","0","0","0","main.exe","CRT_combine_worker(CRTCombineArgs*)","main.cc","0x1400036be","32024","28824"
"  cpu_11","0.001","2496000","0","","0","0","1","0","0","0","0","0","0","2.496e+09","main.exe","CRT_combine_worker(CRTCombineArgs*)","main.cc","0x1400036be","32024","28824"
" Thread (TID: 27528)","0.002","0","0","0","0","0","1","0","0","0","0","0","0","0","main.exe","CRT_combine_worker(CRTCombineArgs*)","main.cc","0x1400036be","32024","27528"
"  cpu_9","0.002","0","0","0","0","0","1","0","0","0","0","0","0","0","main.exe","CRT_combine_worker(CRTCombineArgs*)","main.cc","0x1400036be","32024","27528"
" Thread (TID: 22856)","0","2496000","7488000","0.333333","0","0","1","0","0","0","0","0","0","","main.exe","CRT_combine_worker(CRTCombineArgs*)","main.cc","0x1400036be","32024","22856"
"  cpu_4","0","2496000","7488000","0.333333","0","0","1","0","0","0","0","0","0","","main.exe","CRT_combine_worker(CRTCombineArgs*)","main.cc","0x1400036be","32024","22856"
" Thread (TID: 18244)","0.001","4992000","12480000","0.4","0","0","1","0","0","0","0","0","0","4.992e+09","main.exe","CRT_combine_worker(CRTCombineArgs*)","main.cc","0x1400036be","32024","18244"
"  cpu_0","0.001","4992000","12480000","0.4","0","0","1","0","0","0","0","0","0","4.992e+09","main.exe","CRT_combine_worker(CRTCombineArgs*)","main.cc","0x1400036be","32024","18244"
" Thread (TID: 14532)","0.002","2496000","7488000","0.333333","0","0","1","0","0","0","0","0","0","1.248e+09","main.exe","CRT_combine_worker(CRTCombineArgs*)","main.cc","0x1400036be","32024","14532"
"  cpu_14","0.002","2496000","7488000","0.333333","0","0","1","0","0","0","0","0","0","1.248e+09","main.exe","CRT_combine_worker(CRTCombineArgs*)","main.cc","0x1400036be","32024","14532"
"CcCopyWriteEx","0","0","0","0","0","0","1","0","0","0","0","0","0","0","ntoskrnl.exe","CcCopyWriteEx","[Unknown]","0x1403ca150","0","0"
"bit_reverse","0.006","29952000","57408000","0.521739","0","0","1","0","0","0","0","0","0","4.992e+09","main.exe","bit_reverse(std::vector<unsigned long long, std::allocator<unsigned long long>>&, int)","main.cc","0x140002c3e","0","0"
"_umodti3","0.02","84864000","192192000","0.441558","0","0","1","0","0","0","1","0","0","4.2432e+09","libgcc_s_seh-1.dll","_umodti3","[Unknown]","0x1e0147770","0","0"
"_gthread_mutex_lock","0","0","0","0","0","0","1","0","0","0","0","0","0","0","main.exe","_gthread_mutex_lock","gthr-default.h","0x14000149d","0","0"
"__gnu_cxx::operator!=<unsigned long long*, std::vector<unsigned long long, std::allocator<unsigned long long>>>","0.002","2496000","14976000","0.166667","0","0","1","0","0","0","0","0","0","1.248e+09","main.exe","__gnu_cxx::operator!=<unsigned long long*, std::vector<unsigned long long, std::allocator<unsigned long long>>>(__gnu_cxx::__normal_iterator<unsigned long long*, std::vector<unsigned long long, std::allocator<unsigned long long>>> const&, __gnu_cxx::__normal_iterator<unsigned long long*, std::vector<unsigned long long, std::allocator<unsigned long long>>> const&)","stl_iterator.h","0x140009780","0","0"
"__gnu_cxx::__normal_iterator<unsigned long long*, std::vector<unsigned long long, std::allocator<unsigned long long>>>::operator++","0","4992000","14976000","0.333333","0","0","1","0","0","0","0","0","0","","main.exe","__gnu_cxx::__normal_iterator<unsigned long long*, std::vector<unsigned long long, std::allocator<unsigned long long>>>::operator++(void)","stl_iterator.h","0x140009640","0","0"
"__gnu_cxx::__normal_iterator<unsigned long long*, std::vector<unsigned long long, std::allocator<unsigned long long>>>::operator*","0","4992000","0","","0","0","1","0","0","0","0","0","0","","main.exe","__gnu_cxx::__normal_iterator<unsigned long long*, std::vector<unsigned long long, std::allocator<unsigned long long>>>::operator*(void) const","stl_iterator.h","0x140009890","0","0"
"__gnu_cxx::__normal_iterator<unsigned long long*, std::vector<unsigned long long, std::allocator<unsigned long long>>>::base","0","0","19968000","0","0","0","1","0","0","0","0","0","0","0","main.exe","__gnu_cxx::__normal_iterator<unsigned long long*, std::vector<unsigned long long, std::allocator<unsigned long long>>>::base(void) const","stl_iterator.h","0x140009880","0","0"
